Maturity,Amount
0.0246575342466,-7.042845008
0.120547945205,0.79471119154
0.197260273973,0.00439333462716
0.36997716895,1.04028578002
0.600114155251,2.10079561702
0.868493150685,-1.82891286012
