Maturity,Amount
0.0383561643836,2.00382091202
0.115068493151,0.267766230674
0.21095890411,2.03513251927
0.460388127854,0.528711141966
0.690525114155,3.57183855432
0.958904109589,-5.50966272229
