Maturity,Amount
0.0219178082192,-27.4516969583
0.117808219178,3.62438743317
0.194520547945,1.18338488359
0.290410958904,-0.271598620988
0.539840182648,-1.21525194869
0.76997716895,-3.89814702672
