Maturity,Amount
0.027397260274,0.268891591094
0.123287671233,0.898972197635
0.2,-0.109485501764
0.372716894977,1.93491746028
0.602853881279,2.32818309332
0.871232876712,1.02053827808
