Maturity,Amount
0.0438356164384,11.818067594
0.120547945205,2.11454246447
0.216438356164,-0.277188679138
0.465867579909,0.521063559059
0.69600456621,2.3393024301
0.964383561644,-1.68886248375
