Maturity,Amount
0.0383561643836,-7.2108800173
0.134246575342,3.46520845967
0.21095890411,1.17961048714
0.306849315068,2.17814718907
0.556278538813,-0.162141284876
0.786415525114,-6.75260815699
