Maturity,Amount
0.027397260274,-13.7653860634
0.123287671233,4.92620320244
0.2,1.02836506518
0.295890410959,0.0997161457505
0.545319634703,0.246292732837
0.775456621005,-8.5234507761
