Maturity,Amount
0.0246575342466,2.38409420527
0.101369863014,14.0956975034
0.197260273973,5.50504770681
0.369863013699,1.79168124021
0.619292237443,-0.962103881815
0.849429223744,-4.70949402426
