Maturity,Amount
0.0246575342466,-8.43398714551
0.120547945205,4.50237567909
0.197260273973,0.684303142906
0.293150684932,-0.362408061895
0.542579908676,0.144614604664
0.772716894977,-9.73956401668
