Maturity,Amount
0.0191780821918,10.6945536796
0.115068493151,3.55447519661
0.191780821918,0.97118529584
0.287671232877,0.113074383164
0.537100456621,-0.736023565437
0.767237442922,-3.79424560929
