Maturity,Amount
0.0301369863014,1.83641894791
0.106849315068,14.3862654993
0.202739726027,4.93664983257
0.375342465753,3.5968165292
0.624771689498,-0.76598181705
0.854908675799,-2.85454032367
