Maturity,Amount
0.0219178082192,0.909313489483
0.117808219178,1.40017944229
0.194520547945,-0.477582495025
0.367237442922,1.40982541981
0.597374429224,3.19706394662
0.865753424658,-6.67305286377
