Maturity,Amount
0.0301369863014,-4.96807615015
0.106849315068,0.834540673851
0.202739726027,1.68801926441
0.452168949772,1.21755028267
0.682305936073,2.18142381053
0.950684931507,-1.79621897871
